{
    "counter": {
        "ACTIVE": 47,
        "INACTIVE": 0,
        "INVALID": 2,
        "MALICIOUS": 0,
        "SANE": 0,
        "VALID": 0,
        "total": 49
    },
    "percentage": {
        "ACTIVE": 95.91836734693878,
        "INACTIVE": 0,
        "INVALID": 66.66666666666667,
        "MALICIOUS": 0,
        "SANE": 0,
        "VALID": 0,
        "total": 162.58503401360545
    }
}