{
    "counter": {
        "ACTIVE": 37,
        "INACTIVE": 1,
        "INVALID": 0,
        "MALICIOUS": 0,
        "SANE": 0,
        "VALID": 0,
        "total": 38
    },
    "percentage": {
        "ACTIVE": 97.36842105263158,
        "INACTIVE": 14.285714285714286,
        "INVALID": 0,
        "MALICIOUS": 0,
        "SANE": 0,
        "VALID": 0,
        "total": 111.65413533834587
    }
}